col_0;col_1;col_2;col_3;col_4;col_5;col_6;col_7;col_8;col_9;col_10
0,0000;1476;136;0;0;0;0;0;0;0;0
0,0200;1476;137;0;0;0;0;0;0;0;0
0,0413;1475;138;0;0;0;0;0;0;0;0
0,0622;1475;140;0;0;0;0;0;0;0;0
0,0840;1474;140;0;0;0;0;0;0;0;0
0,1038;1472;140;0;0;0;0;0;0;0;0
0,1247;1472;140;0;0;0;0;0;0;0;0
0,1452;1472;140;0;0;0;0;0;0;0;0
0,1668;1473;140;0;0;0;0;0;0;0;0
0,1872;1453;154;0;0;0;0;0;0;0;0
0,2087;1291;263;0;0;0;0;0;0;0;0
0,2289;1103;363;0;0;0;0;0;0;0;0
0,2497;991;423;0;0;0;0;0;0;0;0
0,2703;931;457;0;0;0;0;0;0;0;0
0,2914;919;462;0;0;0;0;0;0;0;0
0,3119;906;466;0;0;0;0;0;0;0;0
0,3327;900;469;0;0;0;0;0;0;0;0
0,3536;896;470;0;0;0;0;0;0;0;0
0,3746;894;472;0;0;0;0;0;0;0;0
0,3955;895;470;0;0;0;0;0;0;0;0
0,4164;896;469;0;0;0;0;0;0;0;0
0,4372;897;472;0;0;0;0;0;0;0;0
0,4580;896;473;0;0;0;0;0;0;0;0
0,4788;895;469;0;0;0;0;0;0;0;0
0,4996;894;469;0;0;0;0;0;0;0;0
0,5203;893;470;0;0;0;0;0;0;0;0
0,5412;891;469;0;0;0;0;0;0;0;0
0,5622;890;468;0;0;0;0;0;0;0;0
0,5836;889;468;0;0;0;0;0;0;0;0
0,6035;890;466;0;0;0;0;0;0;0;0
0,6246;891;466;0;0;0;0;0;0;0;0
0,6454;892;465;0;0;0;0;0;0;0;0
0,6663;893;466;0;0;0;0;0;0;0;0
0,6871;893;467;0;0;0;0;0;0;0;0
0,7086;894;467;0;0;0;0;0;0;0;0
0,7288;889;469;0;0;0;0;0;0;0;0
0,7497;839;482;0;0;0;0;0;0;0;0
0,7704;727;501;0;0;0;0;0;0;0;0
0,7913;681;504;0;0;0;0;0;0;0;0
0,8120;612;508;0;0;0;0;0;0;0;0
0,8328;582;516;0;0;0;0;0;0;0;0
0,8537;568;522;0;0;0;0;0;0;0;0
0,8753;561;525;0;0;0;0;0;0;0;0
0,8960;561;522;0;0;0;0;0;0;0;0
0,9168;564;523;0;0;0;0;0;0;0;0
0,9376;568;524;0;0;0;0;0;0;0;0
0,9579;571;524;0;0;0;0;0;0;0;0
0,9787;575;525;0;0;0;0;0;0;0;0
0,9995;603;523;0;0;0;0;0;0;0;0
1,0204;623;521;0;0;0;0;0;0;0;0
1,0413;644;521;0;0;0;0;0;0;0;0
1,0619;662;519;0;0;0;0;0;0;0;0
1,0827;677;518;0;0;0;0;0;0;0;0
1,1037;722;519;0;0;0;0;0;0;0;0
1,1246;777;517;0;0;0;0;0;0;0;0
1,1456;879;510;0;0;0;0;0;0;0;0
1,1659;959;510;0;0;0;0;0;0;0;0
1,1870;1002;510;0;0;0;0;0;0;0;0
1,2076;1016;509;0;0;0;0;0;0;0;0
1,2285;1026;511;0;0;0;0;0;0;0;0
1,2495;1032;510;0;0;0;0;0;0;0;0
1,2701;1033;510;0;0;0;0;0;0;0;0
1,2911;1033;510;0;0;0;0;0;0;0;0
1,3120;1034;510;0;0;0;0;0;0;0;0
1,3326;1035;509;0;0;0;0;0;0;0;0
1,3536;1038;509;0;0;0;0;0;0;0;0
1,3745;1037;510;0;0;0;0;0;0;0;0
1,3950;997;510;0;0;0;0;0;0;0;0
1,4162;934;509;0;0;0;0;0;0;0;0
1,4376;869;504;0;0;0;0;0;0;0;0
1,4577;812;508;0;0;0;0;0;0;0;0
1,4786;794;510;0;0;0;0;0;0;0;0
1,4995;770;514;0;0;0;0;0;0;0;0
1,5209;753;516;0;0;0;0;0;0;0;0
1,5418;744;517;0;0;0;0;0;0;0;0
1,5626;707;523;0;0;0;0;0;0;0;0
1,5834;576;578;0;0;0;0;0;0;0;0
1,6043;412;633;0;0;0;0;0;0;0;0
1,6244;310;665;0;0;0;0;0;0;0;0
1,6453;277;677;0;0;0;0;0;0;0;0
1,6661;241;696;0;0;0;0;0;0;0;0
1,6866;226;704;0;0;0;0;0;0;0;0
1,7077;219;709;0;0;0;0;0;0;0;0
1,7285;215;709;0;0;0;0;0;0;0;0
1,7494;212;708;0;0;0;0;0;0;0;0
1,7709;211;711;0;0;0;0;0;0;0;0
1,7919;209;712;0;0;0;0;0;0;0;0
1,8119;208;713;0;0;0;0;0;0;0;0
1,8332;209;712;0;0;0;0;0;0;0;0
1,8543;209;711;0;0;0;0;0;0;0;0
1,8751;209;710;0;0;0;0;0;0;0;0
1,8950;252;694;0;0;0;0;0;0;0;0
1,9160;367;646;0;0;0;0;0;0;0;0
1,9369;492;595;0;0;0;0;0;0;0;0
1,9577;593;549;0;0;0;0;0;0;0;0
1,9786;621;535;0;0;0;0;0;0;0;0
1,9993;640;523;0;0;0;0;0;0;0;0
2,0201;652;520;0;0;0;0;0;0;0;0
2,0411;657;518;0;0;0;0;0;0;0;0
2,0626;662;517;0;0;0;0;0;0;0;0
2,0833;665;519;0;0;0;0;0;0;0;0
2,1042;667;520;0;0;0;0;0;0;0;0
2,1244;668;520;0;0;0;0;0;0;0;0
2,1450;669;519;0;0;0;0;0;0;0;0
2,1660;669;516;0;0;0;0;0;0;0;0
2,1875;669;514;0;0;0;0;0;0;0;0
2,2084;669;513;0;0;0;0;0;0;0;0
2,2283;670;509;0;0;0;0;0;0;0;0
2,2494;670;506;0;0;0;0;0;0;0;0
2,2701;656;507;0;0;0;0;0;0;0;0
2,2908;656;507;0;0;0;0;0;0;0;0
2,3117;656;507;0;0;0;0;0;0;0;0
2,3326;656;507;0;0;0;0;0;0;0;0
2,3534;966;238;0;0;0;0;0;0;0;0
2,3743;979;217;0;0;0;0;0;0;0;0
2,3949;950;271;0;0;0;0;0;0;0;0
2,4159;919;343;0;0;0;0;0;0;0;0
2,4368;893;408;0;0;0;0;0;0;0;0
2,4584;876;443;0;0;0;0;0;0;0;0
2,4784;871;453;0;0;0;0;0;0;0;0
2,4993;867;465;0;0;0;0;0;0;0;0
2,5199;864;472;0;0;0;0;0;0;0;0
2,5409;863;476;0;0;0;0;0;0;0;0
2,5617;863;475;0;0;0;0;0;0;0;0
2,5826;863;476;0;0;0;0;0;0;0;0
2,6033;862;478;0;0;0;0;0;0;0;0
2,6252;861;476;0;0;0;0;0;0;0;0
2,6458;861;475;0;0;0;0;0;0;0;0
2,6657;862;475;0;0;0;0;0;0;0;0
2,6876;863;475;0;0;0;0;0;0;0;0
2,7082;863;475;0;0;0;0;0;0;0;0
2,7291;864;475;0;0;0;0;0;0;0;0
2,7499;865;474;0;0;0;0;0;0;0;0
2,7707;867;472;0;0;0;0;0;0;0;0
2,7906;867;471;0;0;0;0;0;0;0;0
2,8116;868;470;0;0;0;0;0;0;0;0
2,8322;869;468;0;0;0;0;0;0;0;0
2,8533;868;468;0;0;0;0;0;0;0;0
2,8740;868;468;0;0;0;0;0;0;0;0
2,8949;868;468;0;0;0;0;0;0;0;0
2,9163;868;468;0;0;0;0;0;0;0;0
2,9367;1067;461;0;0;0;0;0;0;0;0
2,9576;1079;449;0;0;0;0;0;0;0;0
2,9783;1096;452;0;0;0;0;0;0;0;0
2,9992;1130;463;0;0;0;0;0;0;0;0
3,0200;1154;472;0;0;0;0;0;0;0;0
3,0415;1169;477;0;0;0;0;0;0;0;0
3,0623;1180;481;0;0;0;0;0;0;0;0
3,0825;1188;484;0;0;0;0;0;0;0;0
3,1033;1193;485;0;0;0;0;0;0;0;0
3,1239;1200;489;0;0;0;0;0;0;0;0
3,1456;1206;493;0;0;0;0;0;0;0;0
3,1665;1208;494;0;0;0;0;0;0;0;0
3,1873;1192;496;0;0;0;0;0;0;0;0
3,2075;1112;502;0;0;0;0;0;0;0;0
3,2283;994;497;0;0;0;0;0;0;0;0
3,2491;891;494;0;0;0;0;0;0;0;0
3,2698;814;500;0;0;0;0;0;0;0;0
3,2907;783;503;0;0;0;0;0;0;0;0
3,3114;772;504;0;0;0;0;0;0;0;0
3,3322;757;509;0;0;0;0;0;0;0;0
3,3539;749;512;0;0;0;0;0;0;0;0
3,3741;743;514;0;0;0;0;0;0;0;0
3,3956;740;515;0;0;0;0;0;0;0;0
3,4156;738;516;0;0;0;0;0;0;0;0
3,4364;736;518;0;0;0;0;0;0;0;0
3,4572;734;520;0;0;0;0;0;0;0;0
3,4782;734;521;0;0;0;0;0;0;0;0
3,4989;733;523;0;0;0;0;0;0;0;0
3,5200;731;524;0;0;0;0;0;0;0;0
3,5406;729;523;0;0;0;0;0;0;0;0
3,5616;729;523;0;0;0;0;0;0;0;0
3,5823;729;523;0;0;0;0;0;0;0;0
3,6032;727;522;0;0;0;0;0;0;0;0
3,6238;727;522;0;0;0;0;0;0;0;0
3,6449;726;522;0;0;0;0;0;0;0;0
3,6654;727;524;0;0;0;0;0;0;0;0
3,6871;728;525;0;0;0;0;0;0;0;0
3,7073;735;526;0;0;0;0;0;0;0;0
3,7280;759;525;0;0;0;0;0;0;0;0
3,7490;789;524;0;0;0;0;0;0;0;0
3,7698;823;523;0;0;0;0;0;0;0;0
3,7904;843;520;0;0;0;0;0;0;0;0
3,8115;849;518;0;0;0;0;0;0;0;0
3,8321;863;517;0;0;0;0;0;0;0;0
3,8530;874;518;0;0;0;0;0;0;0;0
3,8747;879;522;0;0;0;0;0;0;0;0
3,8947;883;523;0;0;0;0;0;0;0;0
3,9157;887;524;0;0;0;0;0;0;0;0
3,9364;890;526;0;0;0;0;0;0;0;0
3,9573;890;525;0;0;0;0;0;0;0;0
3,9781;890;524;0;0;0;0;0;0;0;0
3,9989;891;524;0;0;0;0;0;0;0;0
4,0197;892;525;0;0;0;0;0;0;0;0
4,0414;893;523;0;0;0;0;0;0;0;0
4,0615;893;522;0;0;0;0;0;0;0;0
4,0828;892;522;0;0;0;0;0;0;0;0
4,1036;892;521;0;0;0;0;0;0;0;0
4,1237;892;520;0;0;0;0;0;0;0;0
4,1446;892;520;0;0;0;0;0;0;0;0
4,1656;891;518;0;0;0;0;0;0;0;0
4,1864;887;519;0;0;0;0;0;0;0;0
4,2073;849;537;0;0;0;0;0;0;0;0
4,2281;722;605;0;0;0;0;0;0;0;0
4,2487;619;658;0;0;0;0;0;0;0;0
4,2696;547;699;0;0;0;0;0;0;0;0
4,2903;515;721;0;0;0;0;0;0;0;0
4,3112;507;727;0;0;0;0;0;0;0;0
4,3321;501;735;0;0;0;0;0;0;0;0
4,3528;496;737;0;0;0;0;0;0;0;0
4,3737;494;739;0;0;0;0;0;0;0;0
4,3944;490;742;0;0;0;0;0;0;0;0
4,4155;487;743;0;0;0;0;0;0;0;0
4,4363;500;737;0;0;0;0;0;0;0;0
4,4570;543;714;0;0;0;0;0;0;0;0
4,4780;570;699;0;0;0;0;0;0;0;0
4,4989;634;661;0;0;0;0;0;0;0;0
4,5205;692;628;0;0;0;0;0;0;0;0
4,5405;719;609;0;0;0;0;0;0;0;0
4,5612;736;602;0;0;0;0;0;0;0;0
4,5819;745;598;0;0;0;0;0;0;0;0
4,6030;750;595;0;0;0;0;0;0;0;0
4,6245;755;596;0;0;0;0;0;0;0;0
4,6447;758;595;0;0;0;0;0;0;0;0
4,6656;759;594;0;0;0;0;0;0;0;0
4,6861;758;589;0;0;0;0;0;0;0;0
4,7081;756;584;0;0;0;0;0;0;0;0
4,7280;756;586;0;0;0;0;0;0;0;0
4,7488;757;587;0;0;0;0;0;0;0;0
4,7697;758;587;0;0;0;0;0;0;0;0
4,7909;756;585;0;0;0;0;0;0;0;0
4,8119;755;586;0;0;0;0;0;0;0;0
4,8321;755;587;0;0;0;0;0;0;0;0
4,8536;755;589;0;0;0;0;0;0;0;0
4,8738;750;593;0;0;0;0;0;0;0;0
4,8946;644;679;0;0;0;0;0;0;0;0
4,9155;459;806;0;0;0;0;0;0;0;0
4,9363;312;874;0;0;0;0;0;0;0;0
4,9569;233;929;0;0;0;0;0;0;0;0
4,9780;193;955;0;0;0;0;0;0;0;0
4,9989;178;960;0;0;0;0;0;0;0;0
5,0195;175;960;0;0;0;0;0;0;0;0
5,0404;174;958;0;0;0;0;0;0;0;0
5,0619;174;956;0;0;0;0;0;0;0;0
5,0824;173;956;0;0;0;0;0;0;0;0
5,1029;173;956;0;0;0;0;0;0;0;0
5,1237;171;956;0;0;0;0;0;0;0;0
5,1446;168;954;0;0;0;0;0;0;0;0
5,1654;170;953;0;0;0;0;0;0;0;0
5,1860;171;953;0;0;0;0;0;0;0;0
5,2078;172;954;0;0;0;0;0;0;0;0
5,2286;172;953;0;0;0;0;0;0;0;0
5,2494;172;953;0;0;0;0;0;0;0;0
5,2702;174;954;0;0;0;0;0;0;0;0
5,2910;175;952;0;0;0;0;0;0;0;0
5,3119;177;952;0;0;0;0;0;0;0;0
5,3328;177;954;0;0;0;0;0;0;0;0
5,3535;177;953;0;0;0;0;0;0;0;0
5,3744;182;954;0;0;0;0;0;0;0;0
5,3943;189;959;0;0;0;0;0;0;0;0
5,4161;195;963;0;0;0;0;0;0;0;0
5,4368;201;966;0;0;0;0;0;0;0;0
5,4577;206;969;0;0;0;0;0;0;0;0
5,4778;209;971;0;0;0;0;0;0;0;0
5,4986;211;974;0;0;0;0;0;0;0;0
5,5202;212;975;0;0;0;0;0;0;0;0
5,5410;213;978;0;0;0;0;0;0;0;0
5,5618;213;979;0;0;0;0;0;0;0;0
5,5826;212;980;0;0;0;0;0;0;0;0
5,6026;213;980;0;0;0;0;0;0;0;0
5,6244;212;980;0;0;0;0;0;0;0;0
5,6453;212;980;0;0;0;0;0;0;0;0
5,6653;225;971;0;0;0;0;0;0;0;0
5,6860;307;910;0;0;0;0;0;0;0;0
5,7068;523;737;0;0;0;0;0;0;0;0
5,7276;663;613;0;0;0;0;0;0;0;0
5,7486;729;552;0;0;0;0;0;0;0;0
5,7702;752;521;0;0;0;0;0;0;0;0
5,7903;758;519;0;0;0;0;0;0;0;0
5,8111;761;521;0;0;0;0;0;0;0;0
5,8319;762;520;0;0;0;0;0;0;0;0
5,8527;766;520;0;0;0;0;0;0;0;0
5,8734;769;518;0;0;0;0;0;0;0;0
5,8944;768;516;0;0;0;0;0;0;0;0
5,9150;769;516;0;0;0;0;0;0;0;0
5,9366;772;515;0;0;0;0;0;0;0;0
5,9574;772;516;0;0;0;0;0;0;0;0
5,9778;773;516;0;0;0;0;0;0;0;0
5,9987;773;516;0;0;0;0;0;0;0;0
6,0194;773;515;0;0;0;0;0;0;0;0
6,0409;773;513;0;0;0;0;0;0;0;0
6,0609;774;514;0;0;0;0;0;0;0;0
6,0819;776;513;0;0;0;0;0;0;0;0
6,1027;776;512;0;0;0;0;0;0;0;0
6,1234;776;513;0;0;0;0;0;0;0;0
6,1452;777;513;0;0;0;0;0;0;0;0
6,1652;779;512;0;0;0;0;0;0;0;0
6,1857;780;512;0;0;0;0;0;0;0;0
6,2068;781;514;0;0;0;0;0;0;0;0
6,2276;781;513;0;0;0;0;0;0;0;0
6,2487;781;512;0;0;0;0;0;0;0;0
6,2693;782;514;0;0;0;0;0;0;0;0
6,2900;782;513;0;0;0;0;0;0;0;0
6,3107;783;513;0;0;0;0;0;0;0;0
6,3319;784;513;0;0;0;0;0;0;0;0
6,3526;783;512;0;0;0;0;0;0;0;0
6,3742;783;511;0;0;0;0;0;0;0;0
6,3943;783;512;1;0;0;0;1;0;0;0
6,4150;783;513;1;0;0;0;1;0;0;0
6,4367;768;527;1;0;0;0;1;0;0;0
6,4566;607;691;1;0;0;0;1;0;0;0
6,4775;427;851;1;0;0;0;1;0;0;0
6,4982;326;921;1;0;0;0;1;0;0;0
6,5193;293;950;1;0;0;0;1;0;0;0
6,5401;254;984;1;0;0;0;1;0;0;0
6,5607;235;990;1;0;0;0;1;0;0;0
6,5815;225;992;1;0;0;0;1;0;0;0
6,6026;222;991;1;0;0;0;1;0;0;0
6,6232;220;989;1;0;0;0;1;0;0;0
6,6441;217;990;1;0;0;0;1;0;0;0
6,6648;214;987;1;0;0;0;1;0;0;0
6,6856;215;986;1;0;0;0;1;0;0;0
6,7065;216;985;1;0;0;0;1;0;0;0
6,7284;216;985;1;0;0;0;1;0;0;0
6,7491;216;985;1;0;0;0;1;0;0;0
6,7692;231;972;1;0;0;0;1;0;0;0
6,7897;443;807;1;0;0;0;1;0;0;0
6,8106;674;592;1;0;0;0;1;0;0;0
6,8317;790;476;1;0;0;0;1;0;0;0
6,8523;824;441;1;0;0;0;1;0;0;0
6,8732;846;405;1;0;0;0;1;0;0;0
6,8942;851;406;1;0;0;0;1;0;0;0
6,9149;855;406;1;0;0;0;1;0;0;0
6,9367;857;405;1;0;0;0;1;0;0;0
6,9575;854;401;1;0;0;0;1;0;0;0
6,9783;850;399;1;0;0;0;1;0;0;0
6,9992;818;414;1;0;0;0;1;0;0;0
7,0199;793;430;1;0;0;0;1;0;0;0
7,0398;786;434;1;0;0;0;1;0;0;0
7,0605;772;442;1;0;0;0;1;0;0;0
7,0815;765;448;1;0;0;0;1;0;0;0
7,1024;761;452;1;0;0;0;1;0;0;0
7,1233;757;454;1;0;0;0;1;0;0;0
7,1440;754;456;1;0;0;0;1;0;0;0
7,1648;752;457;1;0;0;0;1;0;0;0
7,1865;751;457;1;0;0;0;1;0;0;0
7,2065;749;458;1;0;0;0;1;0;0;0
7,2282;748;460;1;0;0;0;1;0;0;0
7,2481;747;461;1;0;0;0;1;0;0;0
7,2692;746;462;1;0;0;0;1;0;0;0
7,2900;746;462;1;0;0;0;1;0;0;0
7,3106;746;462;1;0;0;0;1;0;0;0
7,3315;746;462;1;0;0;0;1;0;0;0
7,3524;746;462;1;0;0;0;1;0;0;0
7,3733;746;463;1;0;0;0;1;0;0;0
7,3942;746;464;1;0;0;0;1;0;0;0
7,4156;747;464;1;0;0;0;1;0;0;0
7,4365;748;464;1;0;0;0;1;0;0;0
7,4573;748;464;1;0;0;0;1;0;0;0
7,4783;749;463;1;0;0;0;1;0;0;0
7,4980;750;464;1;0;0;0;1;0;0;0
7,5191;751;464;1;0;0;0;1;0;0;0
7,5397;752;464;1;0;0;0;1;0;0;0
7,5607;753;464;1;0;0;0;1;0;0;0
7,5816;753;463;1;0;0;0;1;0;0;0
7,6024;753;463;1;0;0;0;1;0;0;0
7,6238;753;463;1;0;0;0;1;0;0;0
7,6448;753;463;1;0;0;0;1;0;0;0
7,6656;761;465;1;0;0;0;1;0;0;0
7,6858;770;467;1;0;0;0;1;0;0;0
7,7073;785;470;1;0;0;0;1;0;0;0
7,7281;800;473;1;0;0;0;1;0;0;0
7,7489;812;477;1;0;0;0;1;0;0;0
7,7691;821;480;1;0;0;0;1;0;0;0
7,7898;827;483;1;0;0;0;1;0;0;0
7,8105;830;484;1;0;0;0;1;0;0;0
7,8315;833;483;1;0;0;0;1;0;0;0
7,8523;835;483;1;0;0;0;1;0;0;0
7,8732;838;483;1;0;0;0;1;0;0;0
7,8941;838;482;1;0;0;0;1;0;0;0
7,9149;839;483;1;0;0;0;1;0;0;0
7,9355;841;481;1;0;0;0;1;0;0;0
7,9565;842;481;1;0;0;0;1;0;0;0
7,9771;843;482;1;0;0;0;1;0;0;0
7,9980;843;482;1;0;0;0;1;0;0;0
8,0197;843;481;1;0;0;0;1;0;0;0
8,0396;844;481;1;0;0;0;1;0;0;0
8,0606;843;480;1;0;0;0;1;0;0;0
8,0815;843;481;1;0;0;0;1;0;0;0
8,1023;843;481;1;0;0;0;1;0;0;0
8,1231;843;481;1;0;0;0;1;0;0;0
8,1440;843;481;1;0;0;0;1;0;0;0
8,1646;842;480;1;0;0;0;1;0;0;0
8,1864;842;479;1;0;0;0;1;0;0;0
8,2064;842;478;1;0;0;0;1;0;0;0
8,2273;842;477;1;0;0;0;1;0;0;0
8,2481;842;476;1;0;0;0;1;0;0;0
8,2688;842;476;1;0;0;0;1;0;0;0
8,2899;842;475;1;0;0;0;1;0;0;0
8,3106;842;475;1;0;0;0;1;0;0;0
8,3320;841;475;1;0;0;0;1;0;0;0
8,3522;841;474;1;0;0;0;1;0;0;0
8,3738;841;475;1;0;0;0;1;0;0;0
8,3939;841;475;1;0;0;0;1;0;0;0
8,4154;844;472;1;1;0;0;1;1;0;0
8,4356;855;468;1;1;0;0;1;1;0;0
8,4565;863;464;1;1;0;0;1;1;0;0
8,4773;871;459;1;1;0;0;1;1;0;0
8,4979;876;456;1;1;0;0;1;1;0;0
8,5187;878;455;1;1;0;0;1;1;0;0
8,5397;883;453;1;1;0;0;1;1;0;0
8,5612;887;454;1;1;0;0;1;1;0;0
8,5814;890;452;1;1;0;0;1;1;0;0
8,6023;890;450;1;1;0;0;1;1;0;0
8,6238;891;450;1;1;0;0;1;1;0;0
8,6439;892;449;1;1;0;0;1;1;0;0
8,6647;893;449;1;1;0;0;1;1;0;0
8,6855;893;450;1;1;0;0;1;1;0;0
8,7062;893;450;1;1;0;0;1;1;0;0
8,7272;893;451;1;1;0;0;1;1;0;0
8,7480;892;451;1;1;0;0;1;1;0;0
8,7687;892;451;1;1;0;0;1;1;0;0
8,7897;893;451;1;1;0;0;1;1;0;0
8,8105;893;452;1;1;0;0;1;1;0;0
8,8311;893;453;1;1;0;0;1;1;0;0
8,8522;893;453;1;1;0;0;1;1;0;0
8,8729;893;453;1;1;0;0;1;1;0;0
8,8939;893;454;1;1;0;0;1;1;0;0
8,9144;892;454;1;1;0;0;1;1;0;0
8,9355;891;454;1;1;0;0;1;1;0;0
8,9564;892;455;1;1;0;0;1;1;0;0
8,9771;892;456;1;1;0;0;1;1;0;0
8,9979;892;457;1;1;0;0;1;1;0;0
9,0186;892;457;1;1;0;0;1;1;0;0
9,0404;891;458;1;1;0;0;1;1;0;0
9,0612;891;458;1;1;0;0;1;1;0;0
9,0820;891;459;1;1;0;0;1;1;0;0
9,1021;893;461;1;1;0;0;1;1;0;0
9,1229;893;462;1;1;0;0;1;1;0;0
9,1435;892;461;1;1;0;0;1;1;0;0
9,1646;891;461;1;1;0;0;1;1;0;0
9,1854;891;461;1;1;0;0;1;1;0;0
9,2063;891;461;1;1;0;0;1;1;0;0
9,2271;890;461;1;1;0;0;1;1;0;0
9,2487;892;463;1;1;0;0;1;1;0;0
9,2685;899;470;1;1;0;0;1;1;0;0
9,2896;903;473;1;1;0;0;1;1;0;0
9,3112;907;478;1;1;0;0;1;1;0;0
9,3319;910;481;1;1;0;0;1;1;0;0
9,3517;911;482;1;1;0;0;1;1;0;0
9,3727;915;485;1;1;0;0;1;1;0;0
9,3937;917;486;1;1;0;0;1;1;0;0
9,4146;919;488;1;1;0;0;1;1;0;0
9,4352;922;490;1;1;0;0;1;1;0;0
9,4562;922;490;1;1;0;0;1;1;0;0
9,4770;923;491;1;1;0;0;1;1;0;0
9,4979;925;489;1;1;0;0;1;1;0;0
9,5186;926;488;1;1;0;0;1;1;0;0
9,5396;926;488;1;1;0;0;1;1;0;0
9,5603;927;488;1;1;0;0;1;1;0;0
9,5812;928;489;1;1;0;0;1;1;0;0
9,6027;929;490;1;1;0;0;1;1;0;0
9,6227;929;492;1;1;0;0;1;1;0;0
9,6435;930;493;1;1;0;0;1;1;0;0
9,6645;930;493;1;1;0;0;1;1;0;0
9,6853;930;494;1;1;0;0;1;1;0;0
9,7062;930;494;1;1;0;0;1;1;0;0
9,7277;930;495;1;1;0;0;1;1;0;0
9,7486;929;495;1;1;0;0;1;1;0;0
9,7684;930;494;1;1;0;0;1;1;0;0
9,7895;931;495;1;1;0;0;1;1;0;0
9,8101;936;496;1;1;0;0;1;1;0;0
9,8311;948;499;1;1;0;0;1;1;0;0
9,8518;953;500;1;1;0;0;1;1;0;0
9,8727;960;503;1;1;0;0;1;1;0;0
9,8936;967;505;1;1;0;0;1;1;0;0
9,9152;973;505;1;1;0;0;1;1;0;0
9,9351;977;508;1;1;0;0;1;1;0;0
9,9559;979;510;1;1;0;0;1;1;0;0
9,9776;979;511;1;1;0;0;1;1;0;0
9,9979;981;511;1;1;0;0;1;1;0;0
10,0186;981;511;1;1;0;0;1;1;0;0
10,0395;983;510;1;1;0;0;1;1;0;0
10,0610;984;508;1;1;0;0;1;1;0;0
10,0818;986;508;1;1;0;0;1;1;0;0
10,1019;987;507;1;1;0;0;1;1;0;0
10,1227;989;505;1;1;0;0;1;1;0;0
10,1436;989;504;1;1;0;0;1;1;0;0
10,1645;989;502;1;1;0;0;1;1;0;0
10,1853;990;499;1;1;0;0;1;1;0;0
10,2061;991;498;1;1;0;0;1;1;0;0
10,2276;995;494;1;1;0;0;1;1;0;0
10,2475;995;494;1;1;0;0;1;1;0;0
10,2686;995;494;1;1;0;0;1;1;0;0
10,2894;995;494;1;1;0;0;1;1;0;0
10,3100;995;494;1;1;0;0;1;1;0;0
10,3319;995;494;1;1;0;0;1;1;0;0
10,3526;1036;464;1;1;0;0;1;1;0;0
10,3725;1040;461;1;1;0;0;1;1;0;0
10,3935;1041;459;1;1;0;0;1;1;0;0
10,4151;1043;460;1;1;0;0;1;1;0;0
10,4359;1046;459;1;1;0;0;0;0;0;0
10,4566;1047;460;1;1;0;0;0;0;0;0
10,4769;1049;459;1;1;0;0;0;0;0;0
10,4976;1050;458;1;1;0;0;0;0;0;0
10,5184;1051;458;1;1;0;0;0;0;0;0
10,5394;1053;459;1;1;0;0;0;0;0;0
10,5601;1054;459;1;1;0;0;0;0;0;0
10,5809;1056;459;1;1;0;0;0;0;0;0
10,6018;1058;459;1;1;0;0;0;0;0;0
10,6236;1058;458;1;1;0;0;0;0;0;0
10,6436;1059;459;1;1;0;0;0;0;0;0
10,6644;1060;459;1;1;0;0;0;0;0;0
10,6852;1059;458;1;1;0;0;0;0;0;0
10,7060;1058;457;1;1;0;0;0;0;0;0
10,7266;1059;457;1;1;0;0;0;0;0;0
10,7475;1060;458;1;1;0;0;0;0;0;0
10,7685;1061;459;1;1;0;0;0;0;0;0
10,7893;1061;459;1;1;0;0;0;0;0;0
10,8099;1062;460;1;1;0;0;0;0;0;0
10,8309;1063;460;1;1;0;0;0;0;0;0
10,8518;1065;460;1;1;0;0;0;0;0;0
10,8723;1068;460;1;1;0;0;0;0;0;0
10,8941;1069;462;1;1;0;0;0;0;0;0
10,9141;1069;463;1;1;0;0;0;0;0;0
10,9348;1067;464;1;1;0;0;0;0;0;0
10,9559;1066;462;1;1;0;0;0;0;0;0
10,9766;1066;462;1;1;0;0;0;0;0;0
10,9976;1066;461;1;1;1;0;0;0;1;0
11,0184;1066;460;1;1;1;0;0;0;1;0
11,0391;1067;460;1;1;1;0;0;0;1;0
11,0601;1067;461;1;1;1;0;0;0;1;0
11,0809;1067;461;1;1;1;0;0;0;1;0
11,1025;1068;461;1;1;1;0;0;0;1;0
11,1224;1068;461;1;1;1;0;0;0;1;0
11,1435;1067;461;1;1;1;0;0;0;1;0
11,1650;1066;459;1;1;1;0;0;0;1;0
11,1850;1067;459;1;1;1;0;0;0;1;0
11,2059;1067;459;1;1;1;0;0;0;1;0
11,2266;1067;460;1;1;1;0;0;0;1;0
11,2475;1066;460;1;1;1;0;0;0;1;0
11,2684;1065;460;1;1;1;0;0;0;1;0
11,2892;1066;459;1;1;1;0;0;0;1;0
11,3097;1067;459;1;1;1;0;0;0;1;0
11,3308;1067;459;1;1;1;0;0;0;1;0
11,3516;1066;459;1;1;1;0;0;0;1;0
11,3724;1065;458;1;1;1;0;0;0;1;0
11,3932;1064;458;1;1;1;0;0;0;1;0
11,4140;1063;460;1;1;1;0;0;0;1;0
11,4347;1061;460;1;1;1;0;0;0;1;0
11,4558;1061;461;1;1;1;0;0;0;1;0
11,4765;1061;462;1;1;1;0;0;0;1;0
11,4975;1061;462;1;1;1;0;0;0;1;0
11,5187;1061;460;1;1;1;0;0;0;1;0
11,5391;1060;460;1;1;1;0;0;0;1;0
11,5598;1060;460;1;1;1;0;0;0;1;0
11,5806;1060;459;1;1;1;0;0;0;1;0
11,6017;1059;460;1;1;1;0;0;0;1;0
11,6226;1058;461;1;1;1;0;0;0;1;0
11,6434;1058;462;1;1;1;0;0;0;1;0
11,6641;1058;463;1;1;1;0;0;0;1;0
11,6850;1058;463;1;1;1;0;0;0;1;0
11,7058;1057;464;1;1;1;0;0;0;1;0
11,7264;1056;465;1;1;1;0;0;0;1;0
11,7475;1056;466;1;1;1;0;0;0;1;0
11,7684;1056;467;1;1;1;0;0;0;1;0
11,7895;1056;468;1;1;1;0;0;0;1;0
11,8097;1056;467;1;1;1;0;0;0;1;0
11,8305;1056;467;1;1;1;0;0;0;1;0
11,8514;1056;467;1;1;1;0;0;0;1;0
11,8732;1055;468;1;1;1;0;0;0;1;0
11,8932;1055;468;1;1;1;0;0;0;1;0
11,9141;1055;467;1;1;1;0;0;0;1;0
11,9350;1055;467;1;1;1;0;0;0;1;0
11,9562;1053;466;1;1;1;0;0;0;1;0
11,9764;1052;465;1;1;1;0;0;0;1;0
11,9972;1052;464;1;1;1;0;0;0;1;0
12,0181;1045;465;1;1;1;0;0;0;1;0
12,0390;1032;468;1;1;1;0;0;0;1;0
12,0598;1021;471;1;1;1;0;0;0;1;0
12,0806;1011;474;1;1;1;0;0;0;1;0
12,1014;1005;476;1;1;1;0;0;0;1;0
12,1222;1001;477;1;1;1;0;0;0;1;0
12,1432;996;478;1;1;1;0;0;0;1;0
12,1639;995;478;1;1;1;0;0;0;1;0
12,1849;993;477;1;1;1;0;0;0;1;0
12,2056;990;476;1;1;1;0;0;0;1;0
12,2272;987;477;1;1;1;0;0;0;1;0
12,2473;986;479;1;1;1;0;0;0;1;0
12,2683;985;481;1;1;1;0;0;0;1;0
12,2890;983;481;1;1;1;0;0;0;1;0
12,3096;983;482;1;1;1;0;0;0;1;0
12,3307;983;482;1;1;1;0;0;0;1;0
12,3515;983;482;1;1;1;0;0;0;1;0
12,3723;982;484;1;1;1;0;0;0;1;0
12,3933;980;484;1;1;1;0;0;0;1;0
12,4140;980;485;1;1;1;0;0;0;1;0
12,4348;980;485;1;1;1;0;0;0;1;0
12,4556;980;484;1;1;1;0;0;0;1;0
12,4762;971;484;1;1;1;0;0;0;1;0
12,4973;934;486;1;1;1;0;0;0;1;0
12,5181;916;486;1;1;1;0;0;0;1;0
12,5388;888;485;1;1;1;0;0;0;1;0
12,5598;862;485;1;1;1;0;0;0;1;0
12,5813;855;473;1;1;1;0;0;0;1;0
12,6021;847;472;1;1;1;0;0;0;1;0
12,6223;840;473;1;1;1;0;0;0;1;0
12,6437;834;474;1;1;1;0;0;0;1;0
12,6638;829;472;1;1;1;0;0;0;1;0
12,6848;827;475;1;1;1;0;0;0;1;0
12,7056;827;477;1;1;1;0;0;0;1;0
12,7263;827;475;1;1;1;0;0;0;1;0
12,7472;827;474;1;1;1;0;0;0;1;0
12,7681;791;468;1;1;1;0;0;0;1;0
12,7887;762;478;1;1;1;0;0;0;1;0
12,8095;751;478;1;1;1;0;0;0;1;0
12,8304;745;479;1;1;1;0;0;0;1;0
12,8521;742;479;1;1;1;0;0;0;1;0
12,8729;737;478;1;1;1;0;0;0;1;0
12,8939;735;476;1;1;1;0;0;0;1;0
12,9137;734;474;1;1;1;0;0;0;1;0
12,9347;732;474;1;1;1;0;0;0;1;0
12,9563;731;473;1;1;1;0;0;0;1;0
12,9772;731;471;1;1;1;0;0;0;1;0
12,9979;731;471;1;1;1;0;0;0;1;0
13,0180;732;472;1;1;1;0;0;0;1;0
13,0389;732;472;1;1;1;0;0;0;1;0
13,0597;732;471;1;1;1;0;0;0;1;0
13,0805;733;470;1;1;1;0;0;0;1;0
13,1013;734;469;1;1;1;0;0;0;1;0
13,1222;734;468;1;1;1;0;0;0;1;0
13,1430;734;467;1;1;1;0;0;0;1;0
13,1638;733;467;1;1;1;0;0;0;1;0
13,1847;733;466;1;1;1;0;0;0;1;0
13,2055;733;465;1;1;1;0;0;0;1;0
13,2264;733;464;1;1;1;0;0;0;1;0
13,2479;733;464;1;1;1;0;0;0;1;0
13,2687;734;463;1;1;1;0;0;0;1;0
13,2896;734;463;1;1;1;0;0;0;1;0
13,3104;734;463;1;1;1;0;0;0;1;0
13,3311;735;463;1;1;1;0;0;0;1;0
13,3521;734;463;1;1;1;0;0;0;1;0
13,3728;734;464;1;1;1;0;0;0;1;0
13,3937;735;463;1;1;1;0;0;0;1;0
13,4138;736;463;1;1;1;0;1;0;1;0
13,4346;736;464;1;1;1;0;1;0;1;0
13,4556;736;464;1;1;1;0;1;0;1;0
13,4763;736;463;1;1;1;0;1;0;1;0
13,4971;736;463;1;1;1;0;1;0;1;0
13,5180;736;463;1;1;1;0;1;0;1;0
13,5388;736;463;1;1;1;0;1;0;1;0
13,5596;735;463;1;1;1;0;1;0;1;0
13,5805;735;462;1;1;1;0;1;0;1;0
13,6020;734;462;1;1;1;0;1;0;1;0
13,6221;734;462;1;1;1;0;1;0;1;0
13,6429;733;462;1;1;1;0;1;0;1;0
13,6637;733;463;1;1;1;0;1;0;1;0
13,6853;732;464;1;1;1;0;1;0;1;0
13,7052;732;464;1;1;1;0;1;0;1;0
13,7259;732;465;1;1;1;0;1;0;1;0
13,7470;731;465;1;1;1;0;1;0;1;0
13,7677;731;465;1;1;1;0;1;0;1;0
13,7888;731;465;1;1;1;0;1;0;1;0
13,8103;730;464;1;1;1;0;1;0;1;0
13,8302;728;463;1;1;1;0;1;0;1;0
13,8519;728;462;1;1;1;0;1;0;1;0
13,8717;727;462;1;1;1;0;1;0;1;0
13,8927;727;460;1;1;1;0;1;0;1;0
13,9143;726;459;1;1;1;0;1;0;1;0
13,9345;727;458;1;1;1;0;1;0;1;0
13,9554;726;457;1;1;1;0;1;0;1;0
13,9761;736;457;1;1;1;0;1;0;1;0
13,9968;799;460;1;1;1;0;1;0;1;0
14,0176;833;460;1;1;1;0;1;0;1;0
14,0394;886;459;1;1;1;0;1;0;1;0
14,0593;931;458;1;1;1;0;1;0;1;0
14,0803;954;459;1;1;1;0;1;0;1;0
14,1010;968;460;1;1;1;0;1;0;1;0
14,1220;976;459;1;1;1;0;1;0;1;0
14,1434;981;460;1;1;1;0;1;0;1;0
14,1644;985;460;1;1;1;0;1;0;1;0
14,1845;988;459;1;1;1;0;1;0;1;0
14,2053;988;458;1;1;1;0;1;0;1;0
14,2268;990;458;1;1;1;0;1;0;1;0
14,2470;991;459;1;1;1;0;1;0;1;0
14,2683;992;460;1;1;1;0;1;0;1;0
14,2894;992;461;1;1;1;0;1;0;1;0
14,3102;993;460;1;1;1;0;1;0;1;0
14,3302;994;459;1;1;1;0;1;0;1;0
14,3511;995;459;1;1;1;0;1;0;1;0
14,3719;995;460;1;1;1;0;1;0;1;0
14,3925;996;461;1;1;1;0;1;0;1;0
14,4136;997;462;1;1;1;0;1;0;1;0
14,4342;998;463;1;1;1;0;1;0;1;0
14,4552;1000;464;1;1;1;0;1;0;1;0
14,4760;999;464;1;1;1;0;1;0;1;0
14,4969;997;464;1;1;1;0;1;0;1;0
14,5177;997;464;1;1;1;0;1;0;1;0
14,5385;997;464;1;1;1;0;1;0;1;0
14,5602;998;463;1;1;1;0;1;0;1;0
14,5810;998;464;1;1;1;0;1;0;1;0
14,6009;998;463;1;1;1;0;1;0;1;0
14,6218;998;464;1;1;1;0;1;0;1;0
14,6427;997;463;1;1;1;0;1;0;1;0
14,6634;997;463;1;1;1;0;1;0;1;0
14,6852;996;462;1;1;1;0;1;0;1;0
14,7060;996;462;1;1;1;0;1;0;1;0
14,7259;996;462;1;1;1;0;1;0;1;0
14,7476;996;462;1;1;1;0;1;0;1;0
14,7675;993;462;1;1;1;0;1;0;1;0
14,7885;972;462;1;1;1;0;1;0;1;0
14,8094;949;460;1;1;1;0;1;0;1;0
14,8302;924;459;1;1;1;0;1;0;1;0
14,8509;913;459;1;1;1;0;1;0;1;0
14,8718;899;460;1;1;1;0;1;0;1;0
14,8925;886;460;1;1;1;0;1;0;1;0
14,9143;879;459;1;1;1;0;1;0;1;0
14,9344;872;458;1;1;1;0;1;0;1;0
14,9551;868;459;1;1;1;0;1;0;1;0
14,9761;866;460;1;1;1;0;1;0;1;0
14,9968;863;460;1;1;1;0;1;0;1;0
15,0175;863;460;1;1;1;0;1;0;1;0
15,0383;863;461;1;1;1;0;1;0;1;0
15,0598;861;461;1;1;1;0;1;0;1;0
15,0808;859;462;1;1;1;0;1;0;1;0
15,1009;859;461;1;1;1;0;1;0;1;0
15,1224;857;461;1;1;1;0;1;0;1;0
15,1432;857;461;1;1;1;0;1;0;1;0
15,1633;858;461;1;1;1;0;1;0;1;0
15,1851;858;461;1;1;1;0;1;0;1;0
15,2050;858;461;1;1;1;0;1;0;1;0
15,2258;857;460;1;1;1;0;1;0;1;0
15,2468;858;460;1;1;1;0;1;0;1;0
15,2683;857;459;1;1;1;0;1;0;1;0
15,2884;856;459;1;1;1;0;1;0;1;0
15,3090;857;459;1;1;1;0;1;0;1;0
15,3299;857;459;1;1;1;0;1;0;1;0
15,3509;858;458;1;1;1;0;1;0;1;0
15,3716;858;458;1;1;1;0;1;0;1;0
15,3932;858;460;1;1;1;0;1;0;1;0
15,4133;859;460;1;1;1;0;1;0;1;0
15,4342;860;461;1;1;1;0;1;0;1;0
15,4551;860;461;1;1;1;0;1;0;1;0
15,4759;861;461;1;1;1;0;1;1;1;0
15,4967;861;463;1;1;1;0;1;1;1;0
15,5171;862;464;1;1;1;0;1;1;1;0
15,5383;864;465;1;1;1;0;1;1;1;0
15,5592;871;467;1;1;1;0;1;1;1;0
15,5798;877;469;1;1;1;0;1;1;1;0
15,6009;884;472;1;1;1;0;1;1;1;0
15,6217;889;475;1;1;1;0;1;1;1;0
15,6421;894;476;1;1;1;0;1;1;1;0
15,6632;897;478;1;1;1;0;1;1;1;0
15,6841;898;478;1;1;1;0;1;1;1;0
15,7057;900;480;1;1;1;0;1;1;1;0
15,7256;901;481;1;1;1;0;1;1;1;0
15,7467;902;483;1;1;1;0;1;1;1;0
15,7674;903;484;1;1;1;0;1;1;1;0
15,7880;905;485;1;1;1;0;1;1;1;0
15,8091;905;485;1;1;1;0;1;1;1;0
15,8300;906;484;1;1;1;0;1;1;1;0
15,8506;907;484;1;1;1;0;1;1;1;0
15,8717;907;484;1;1;1;0;1;1;1;0
15,8922;909;485;1;1;1;0;1;1;1;0
15,9133;909;487;1;1;1;0;1;1;1;0
15,9341;908;488;1;1;1;0;1;1;1;0
15,9549;908;488;1;1;1;0;1;1;1;0
15,9758;909;488;1;1;1;0;1;1;1;0
15,9966;910;488;1;1;1;0;1;1;1;0
16,0173;909;487;1;1;1;0;1;1;1;0
16,0382;909;487;1;1;1;0;1;1;1;0
16,0592;908;486;1;1;1;0;1;1;1;0
16,0798;908;486;1;1;1;0;1;1;1;0
16,1015;908;487;1;1;1;0;1;1;1;0
16,1216;908;487;1;1;1;0;1;1;1;0
16,1424;909;488;1;1;1;0;1;1;1;0
16,1633;908;488;1;1;1;0;1;1;1;0
16,1840;935;490;1;1;1;0;1;1;1;0
16,2049;959;491;1;1;1;0;1;1;1;0
16,2258;999;488;1;1;1;0;1;1;1;0
16,2473;1037;485;1;1;1;0;1;1;1;0
16,2681;1066;484;1;1;1;0;1;1;1;0
16,2880;1084;484;1;1;1;0;1;1;1;0
16,3089;1096;484;1;1;1;0;1;1;1;0
16,3296;1099;484;1;1;1;0;1;1;1;0
16,3506;1102;483;1;1;1;0;1;1;1;0
16,3715;1104;482;1;1;1;0;1;1;1;0
16,3921;1109;481;1;1;1;0;1;1;1;0
16,4132;1110;479;1;1;1;0;1;1;1;0
16,4341;1109;481;1;1;1;0;1;1;1;0
16,4548;1109;481;1;1;1;0;1;1;1;0
16,4755;1108;481;1;1;1;0;1;1;1;0
16,4965;1107;480;1;1;1;0;1;1;1;0
16,5172;1104;479;1;1;1;0;1;1;1;0
16,5389;1103;478;1;1;1;0;1;1;1;0
16,5598;1103;479;1;1;1;0;1;1;1;0
16,5796;1103;480;1;1;1;0;1;1;1;0
16,6005;1103;480;1;1;1;0;1;1;1;0
16,6215;1104;479;1;1;1;0;1;1;1;0
16,6423;1104;479;1;1;1;0;1;1;1;0
16,6632;1104;478;1;1;1;0;1;1;1;0
16,6836;1105;478;1;1;1;0;1;1;1;0
16,7048;1105;479;1;1;1;0;1;1;1;0
16,7256;1105;479;1;1;1;0;1;1;1;0
16,7465;1105;479;1;1;1;0;1;1;1;0
16,7673;1107;478;1;1;1;0;1;1;1;0
16,7882;1105;470;1;1;1;0;1;1;1;0
16,8087;1105;470;1;1;1;0;1;1;1;0
16,8298;1105;470;1;1;1;0;1;1;1;0
16,8507;1105;470;1;1;1;0;1;1;1;0
16,8715;1113;434;1;1;1;0;1;1;1;0
16,8924;1124;443;1;1;1;0;1;1;1;0
16,9139;1125;446;1;1;1;0;1;1;1;0
16,9338;1125;450;1;1;1;0;1;1;1;0
16,9545;1126;454;1;1;1;0;1;1;1;0
16,9760;1127;457;1;1;1;0;1;1;1;0
16,9970;1127;459;1;1;1;0;1;1;1;0
17,0172;1128;461;1;1;1;0;1;1;1;0
17,0381;1128;461;1;1;1;0;1;1;1;0
17,0590;1128;463;1;1;1;0;1;1;1;0
17,0805;1128;465;1;1;1;0;1;1;1;0
17,1012;1129;466;1;1;1;0;1;1;1;0
17,1220;1130;466;1;1;1;0;1;1;1;0
17,1429;1131;465;1;1;1;0;1;1;1;0
17,1630;1130;465;1;1;1;0;1;1;1;0
17,1837;1130;465;1;1;1;0;1;1;1;0
17,2055;1130;466;1;1;1;0;1;1;1;0
17,2255;1130;467;1;1;1;0;1;1;1;0
17,2462;1130;467;1;1;1;0;1;1;1;0
17,2679;1131;467;1;1;1;0;1;1;1;0
17,2888;1131;467;1;1;1;0;1;1;1;0
17,3096;1131;466;1;1;1;0;1;1;1;0
17,3304;1130;465;1;1;1;0;1;1;1;0
17,3503;1130;463;1;1;1;0;1;1;1;0
17,3712;1130;462;1;1;1;0;1;1;1;0
17,3922;1131;462;1;1;1;0;1;1;1;0
17,4131;1130;461;1;1;1;0;1;1;1;0
17,4338;1130;461;1;1;1;0;1;1;1;0
17,4547;1130;461;1;1;1;0;1;1;1;0
17,4755;1130;461;1;1;1;0;1;1;1;0
